[
  {
    "id": 1,
    "name": "Wireless Headphones Pro",
    "category": "Electronics",
    "price": 129.99,
    "originalPrice": 179.99,
    "image": "https://images.pexels.com/photos/3587478/pexels-photo-3587478.jpeg?auto=compress&cs=tinysrgb&w=800",
    "description": "Premium wireless headphones with active noise cancellation and 30-hour battery life.",
    "rating": 4.5,
    "reviewCount": 284,
    "stock": 45,
    "featured": true,
    "badge": "Best Seller"
  },
  {
    "id": 2,
    "name": "Minimalist Watch",
    "category": "Fashion",
    "price": 89.99,
    "originalPrice": null,
    "image": "https://images.pexels.com/photos/190819/pexels-photo-190819.jpeg?auto=compress&cs=tinysrgb&w=800",
    "description": "Elegant minimalist watch with genuine leather strap and Japanese movement.",
    "rating": 4.7,
    "reviewCount": 196,
    "stock": 30,
    "featured": true,
    "badge": null
  },
  {
    "id": 3,
    "name": "Smart Fitness Tracker",
    "category": "Electronics",
    "price": 79.99,
    "originalPrice": 99.99,
    "image": "https://images.pexels.com/photos/437037/pexels-photo-437037.jpeg?auto=compress&cs=tinysrgb&w=800",
    "description": "Track your fitness goals with heart rate monitoring, sleep tracking, and waterproof design.",
    "rating": 4.3,
    "reviewCount": 412,
    "stock": 60,
    "featured": false,
    "badge": "Sale"
  },
  {
    "id": 4,
    "name": "Canvas Backpack",
    "category": "Fashion",
    "price": 59.99,
    "originalPrice": null,
    "image": "https://images.pexels.com/photos/2905238/pexels-photo-2905238.jpeg?auto=compress&cs=tinysrgb&w=800",
    "description": "Durable canvas backpack perfect for daily commute or weekend adventures.",
    "rating": 4.6,
    "reviewCount": 153,
    "stock": 25,
    "featured": true,
    "badge": null
  },
  {
    "id": 5,
    "name": "Portable Bluetooth Speaker",
    "category": "Electronics",
    "price": 49.99,
    "originalPrice": 69.99,
    "image": "https://images.pexels.com/photos/1279406/pexels-photo-1279406.jpeg?auto=compress&cs=tinysrgb&w=800",
    "description": "Compact speaker with powerful 360° sound and 12-hour battery life, waterproof rated IPX7.",
    "rating": 4.4,
    "reviewCount": 321,
    "stock": 55,
    "featured": false,
    "badge": "Sale"
  },
  {
    "id": 6,
    "name": "Leather Bi-fold Wallet",
    "category": "Fashion",
    "price": 39.99,
    "originalPrice": null,
    "image": "https://images.pexels.com/photos/5632402/pexels-photo-5632402.jpeg?auto=compress&cs=tinysrgb&w=800",
    "description": "Premium full-grain leather wallet with RFID protection and 8 card slots.",
    "rating": 4.8,
    "reviewCount": 507,
    "stock": 40,
    "featured": false,
    "badge": "Top Rated"
  },
  {
    "id": 7,
    "name": "Ergonomic Wireless Mouse",
    "category": "Electronics",
    "price": 29.99,
    "originalPrice": null,
    "image": "https://images.pexels.com/photos/2115256/pexels-photo-2115256.jpeg?auto=compress&cs=tinysrgb&w=800",
    "description": "Ergonomic wireless mouse with precision DPI tracking and 18-month battery life.",
    "rating": 4.2,
    "reviewCount": 88,
    "stock": 70,
    "featured": false,
    "badge": null
  },
  {
    "id": 8,
    "name": "Classic Aviator Sunglasses",
    "category": "Fashion",
    "price": 69.99,
    "originalPrice": 95.00,
    "image": "https://images.pexels.com/photos/701877/pexels-photo-701877.jpeg?auto=compress&cs=tinysrgb&w=800",
    "description": "Timeless aviator sunglasses with UV400 protection and gold-tone polarized lenses.",
    "rating": 4.5,
    "reviewCount": 234,
    "stock": 35,
    "featured": true,
    "badge": "Sale"
  },
  {
    "id": 9,
    "name": "USB-C 7-in-1 Hub",
    "category": "Electronics",
    "price": 44.99,
    "originalPrice": null,
    "image": "https://images.pexels.com/photos/163100/circuit-circuit-board-resistor-computer-163100.jpeg?auto=compress&cs=tinysrgb&w=800",
    "description": "Multi-port USB-C hub with 4K HDMI, 3× USB 3.0, SD/microSD card reader, and 100W PD.",
    "rating": 4.1,
    "reviewCount": 67,
    "stock": 50,
    "featured": false,
    "badge": null
  },
  {
    "id": 10,
    "name": "Premium Yoga Mat",
    "category": "Sports",
    "price": 34.99,
    "originalPrice": 49.99,
    "image": "https://images.pexels.com/photos/3822668/pexels-photo-3822668.jpeg?auto=compress&cs=tinysrgb&w=800",
    "description": "Non-slip TPE yoga mat with 6mm extra cushioning, alignment lines, and carry strap.",
    "rating": 4.6,
    "reviewCount": 178,
    "stock": 45,
    "featured": false,
    "badge": "Sale"
  },
  {
    "id": 11,
    "name": "Insulated Water Bottle",
    "category": "Sports",
    "price": 24.99,
    "originalPrice": null,
    "image": "https://images.pexels.com/photos/1000084/pexels-photo-1000084.jpeg?auto=compress&cs=tinysrgb&w=800",
    "description": "Double-wall stainless steel bottle keeps drinks cold 24h / hot 12h. BPA-free.",
    "rating": 4.7,
    "reviewCount": 631,
    "stock": 80,
    "featured": false,
    "badge": "Best Seller"
  },
  {
    "id": 12,
    "name": "LED Desk Lamp",
    "category": "Home",
    "price": 54.99,
    "originalPrice": null,
    "image": "https://images.pexels.com/photos/1112598/pexels-photo-1112598.jpeg?auto=compress&cs=tinysrgb&w=800",
    "description": "Adjustable LED desk lamp with 5 color modes, touch dimming, and built-in USB charging port.",
    "rating": 4.4,
    "reviewCount": 290,
    "stock": 30,
    "featured": true,
    "badge": null
  },
  {
    "id": 13,
    "name": "Running Shoes Ultra",
    "category": "Sports",
    "price": 119.99,
    "originalPrice": 149.99,
    "image": "https://images.pexels.com/photos/2529148/pexels-photo-2529148.jpeg?auto=compress&cs=tinysrgb&w=800",
    "description": "Lightweight responsive running shoes with breathable mesh upper and react foam cushioning.",
    "rating": 4.8,
    "reviewCount": 445,
    "stock": 8,
    "featured": true,
    "badge": "Sale"
  },
  {
    "id": 14,
    "name": "Scented Candle Set",
    "category": "Home",
    "price": 29.99,
    "originalPrice": null,
    "image": "https://images.pexels.com/photos/3270223/pexels-photo-3270223.jpeg?auto=compress&cs=tinysrgb&w=800",
    "description": "Set of 3 premium soy wax candles with calming lavender, vanilla, and eucalyptus scents.",
    "rating": 4.9,
    "reviewCount": 382,
    "stock": 60,
    "featured": false,
    "badge": "Top Rated"
  },
  {
    "id": 15,
    "name": "Mechanical Keyboard TKL",
    "category": "Electronics",
    "price": 94.99,
    "originalPrice": 119.99,
    "image": "https://images.pexels.com/photos/1772123/pexels-photo-1772123.jpeg?auto=compress&cs=tinysrgb&w=800",
    "description": "Tenkeyless mechanical keyboard with RGB backlighting, tactile switches, and aluminum frame.",
    "rating": 4.6,
    "reviewCount": 203,
    "stock": 20,
    "featured": true,
    "badge": "Sale"
  },
  {
    "id": 16,
    "name": "Dumbbell Set Adjustable",
    "category": "Sports",
    "price": 149.99,
    "originalPrice": 199.99,
    "image": "https://images.pexels.com/photos/4162451/pexels-photo-4162451.jpeg?auto=compress&cs=tinysrgb&w=800",
    "description": "Space-saving adjustable dumbbell set from 5–52.5 lbs with quick-lock weight selector.",
    "rating": 4.5,
    "reviewCount": 119,
    "stock": 12,
    "featured": false,
    "badge": "Sale"
  }
]